TRACK_ID,YESTERDAY_STREAM,TOTAL_STREAM,TODAY_STREAM
1p80LdxRV74UKvL8gnD7ky,864240,1588117187,1662001
55n9yjI6qqXh5F2mYvUc2y,373886,1492416888,719012
1BxfuPKGuaTgP7aM0Bbdwr,2001867,1313117739,4259293
5xTtaWoae3wi06K5WfVUUH,590913,1239809117,809470
0V3wPSX9ygBnCm8psDIegu,1085794,1220203789,1809657
1dGr1c8CrMLDpV6mPbImSI,755656,1053340319,1757340
4lIxdJw6W3Fg4vUIYCB0S5,953729,1021256242,1673209
4R2kfaDFhslZEMJqAFNpdd,859323,993670282,1534507
1P17dC1amhFzptugyAO7Il,357314,984125085,830963
59HjlYCeBsxdI0fcm3zglw,385806,863630229,602823
1R0a2iXumgCiFb7HEZ7gUE,1110018,843554504,1460550
6NFyWDv5CjfwuzoCkw47Xf,452192,828177420,922841
3hUxzQpSfdDqwM3ZTFQY0K,682139,824963715,1550316
6RRNNciQGZEXnqk8SQ9yv5,321133,814688543,526449
1vrd6UOGamcKNGnSHJQlSt,337014,800364989,503007
2Rk4JlNc2TPmZe2af99d45,172112,791719620,324741
6FB3v4YcR57y4tXFcdxI1E,228233,743049609,465783
10eBRyImhfqVvkiVEGf0N0,440157,705642620,637910
0lx2cLdOt3piJbcaXIV74f,384625,694310039,854723
5enxwA8aAbwZbf5qCHORXi,649977,677467012,970115
4pvb0WLRcMtbPGmtejJJ6y,513879,634910102,642349
0VwNdo84DaVYLIkbVO86ND,183910,618510977,274493
3RauEVgRgj1IuWdJ9fDs70,325363,606110884,793569
2yLa0QULdQr0qAIvVwN6B5,351057,579837500,688348
5jQI2r1RdgtuT8S3iG8zFC,406540,579455392,781808
3GCL1PydwsLodcpv0Ll1ch,229284,579410227,358257
7KokYm8cMIXCsGVmUvKtqf,348095,560336115,1122889
6YvqWjhGD8mB5QXcbcUKtx,528728,551205236,1124954
1K39ty6o1sHwwlZwO6a7wK,987367,540066727,1702357
273dCMFseLcVsoSWx59IoE,262513,535769040,386049
4y5bvROuBDPr5fuwXbIBZR,315323,528387005,670901
3rWDp9tBPQR9z6U5YyRSK4,312009,521763226,800025
0VE4kBnHJUgtMf0dy6DRmW,482115,519052552,803525
1ZY1PqizIl78geGM4xWlEA,230738,506887361,512752
0sY6ZUTh4yoctD8VIXz339,307701,490809027,715586
0Jlcvv8IykzHaSmj49uNW8,177234,469128336,571724
1qrpoAMXodY6895hGKoUpA,684598,467001252,1086665
4D7BCuvgdJlYvlX5WlN54t,600943,435998924,858490
2x0WlnmfG39ZuDmstl9xfX,275827,423178269,383094
3qoftcUZaUOncvIYjFSPdE,345675,407366653,677796
3eX0NZfLtGzoLUxPNvRfqm,302323,376340453,487618
1MgV7FIyNxIG7WzMRJV5HC,208445,370909869,579014
1wtOxkiel43cVs0Yux5Q4h,194056,368806200,380502
4svZDCRz4cJoneBpjpx8DJ,195809,362471172,416616
6ce41JVa6KFaryfmC2bu2W,110768,359327252,160534
3DrjZArsPsoqbLzUZZV1Id,142179,358320089,209088
22bPsP2jCgbLUvh82U0Z3M,319622,335575377,443920
0ZNU020wNYvgW84iljPkPP,296509,331444438,494182
1GwMQaZz6Au3QLDbjbMdme,295033,330105020,373460
1SymEzIT3H8UZfibCs3TYi,273225,310230244,401802
1xwAWUI6Dj0WGC3KiUPN0O,199453,309357709,511419
2CYVETnhM9aytqrazYYwrK,172062,308713495,374049
7kt9e9LFSpN1zQtYEl19o1,196756,308020987,437236
3pHkh7d0lzM2AldUtz2x37,249976,306306838,446386
5OndtwLGA9O6XHFcGm2H7r,84514,306303161,145715
43rA71bccXFGD4C8GOpIlN,151300,299652221,191520
2NmsngXHeC1GQ9wWrzhOMf,279869,298144145,538211
2Eeur20xVqfUoM3Q7EFPFt,303144,296358832,393694
6VsvKPJ4xjVNKpI8VVZ3SV,174884,289910660,406707
5kI4eCXXzyuIUXjQra0Cxi,187766,286723880,399504
15DeqWWQB4dcEWzJg15VrN,155516,279898260,330886
214nt20w5wOxJnY462klLw,250924,277652211,545487
1fzAuUVbzlhZ1lJAx9PtY6,437941,271853692,706358
1LLXZFeAHK9R4xUramtUKw,219719,271360161,332908
12M5uqx0ZuwkpLp5rJim1a,236396,268599325,347642
17yraMKqmZIKAv3iaGcoLX,281347,267348235,562694
7FmYn9e7KHMXcxqGSj9LjH,247830,266112176,442555
3Z1kZKYfRC8iRXnYeC5sCJ,37960,261852652,79085
6rZVy6FIG7lSJQMFXHo12z,86642,255493169,211322
0heeNYlwOGuUSe7TgUD27B,177527,253612867,264966
6AtZLIzUINvExIUy4QhdjP,252232,253123539,548332
6KJqZcs9XDgVck7Lg9QOTC,187563,250997987,341025
3i9UVldZOE0aD0JnyfAZZ0,130456,250594972,296491
6oVxXO5oQ4pTpO8RSnkzvv,149563,249053086,453223
3zwMVvkBe2qIKDObWgXw4N,168986,241757899,497020
2dgFqt3w9xIQRjhPtwNk3D,213526,240668389,280956
4yBEU0askBZzE2XEVdEwmx,23652,240112508,78843
5BK0uqwY9DNfZ630STAEaq,159447,240023740,289904
5YqltLsjdqFtvqE7Nrysvs,164378,237470853,530253
7HH8rEmkK5JENnv869MDCz,45675,235649811,69205
6qnM0XXPZOINWA778uNqQ9,95983,231035358,129708
3RaT22zZsxVYxxKR7TAaYF,114324,229896373,265871
2YWtcWi3a83pdEg3Gif4Pd,88161,229729284,251889
4OAuvHryIVv4kMDNSLuPt6,189793,227275081,351469
0PurA4JVJ8YQgSVopY8fn6,327920,226185676,520509
3UMrglJeju5yWyYIW6o99b,234777,223049838,317267
0z9UVN8VBHJ9HdfYsOuuNf,51615,221460640,73736
0wavGRldH0AWyu2zvTz8zb,181207,221068552,312427
0A1JLUlkZkp2EFrosoNQi0,142524,216904005,263934
5yEPktRqvIhko5QFF3aBhQ,48523,216716377,66471
7HuBDWi18s4aJM8UFnNheH,213119,216347334,308869
7dW84mWkdWE5a6lFWxJCBG,231401,214422267,330574
0aV5uARAknQgYhBaK944FP,232419,212726553,301844
0dBW6ZsW8skfvoRfgeerBF,44051,211035983,68831
0dAb8TY433dl3ZfXYCLE19,24703,210422115,79690
4wFUdSCer8bdQsrp1M90sa,105106,208908769,133046
3nsfB1vus2qaloUdcBZvDu,192205,208618780,337203
7I7JbDv63ZJJsSi24DyJrz,188072,204122749,257633
3yII7UwgLF6K5zW3xad3MP,167915,200572684,453826
77sMIMlNaSURUAXq5coCxE,439354,199839282,601855
7zMcNqs55Mxer82bvZFkpg,39911,191065243,124724
5hQSXkFgbxjZo9uCwd11so,101103,187018639,259241
06WgOCf0LV2h4keYXDRnuh,34016,185148779,87221
07NxDD1iKCHbAldceD7QLP,167863,182190186,215210
5QVVjX0ZItqlVpEuVCM9Yg,589167,178749767,965848
2ythurkTtSiyfK7GprJoFW,45688,178620924,87863
2QDyYdZyhlP2fp79KZX8Bi,88703,178361788,192834
4CkgMiMqZ5JzW9iYXSTMTL,154954,177940939,198659
19CSr8rwW05VJL2F91KFNK,182564,177647312,246709
01K4zKU104LyJ8gMb7227B,132681,175177303,245707
7MbT4I8qGntX4fMdqMQgke,84537,173581132,187861
3O5osWf1rSoKMwe6E9ZaXP,141174,172968796,252097
6d9IiDcFxtFVIvt9pCqyGH,40359,171583033,66163
5kHMfzgLZP95O9NBy0ku4v,466152,167513083,590066
6xsEAm6w9oMQYYg3jkEkMT,56676,164189430,123209
3z6XUommYDWPHeFhmhhT6j,70464,163929801,146801
32mVHdy0bi1XKgr0ajsBlG,127303,163053400,163210
2o2sgVJIgFXk8GQjWTgI6U,62094,162154969,188166
4dYUOfmWna6DFccnz732n8,54516,159708756,87930
6N1K5OVVCopBjGViHs2IvP,71129,159508905,120558
12ntTeqEeTg7GAVpe8Mhpl,210144,158780965,344499
08fa9LFcFBTcilB3iq2e2A,78941,155663774,157882
7F5oktn5YOsR9eR5YsFtqb,89982,155538504,191453
6MWoRt97mnSTXZhu3ggi9C,88944,154730521,167819
73YUReisjb3A9ActdLLjJQ,137810,154334579,186231
1XjHRolIXL2M1EEOUsGGR4,127175,149796399,211959
3k7ne7VmH43ZPWxPdvPUgR,92736,149105862,174974
7712gjoih4QoDbXpljEk21,121110,148618312,175523
3RBluWmSoG2pGA1OePzGJI,15290,146287125,42473
5PxFv9yJEg9dxvbZggykro,146004,145682391,194673
3wmN11qXGL0HyPojvEE1D9,33860,145117802,62705
3sW3oSbzsfecv9XoUdGs7h,563498,144046868,841043
0BiqmkasE5FdrChwKfVp8X,96802,143944194,189809
670fUmXf4KQekzbEgaXyPA,118339,141234608,197232
6iWMI5oOhWrDbLbjmwTWFq,70264,140071940,91253
6pYNq0ZwpPVazKzsqpf0G8,131882,139445129,212713
24DefNCFiWTP8OjYWiXuYe,37326,136439725,59249
7hZuICN5eaCuQyp443RCt6,13943,135980910,35753
4A2LfnduSTsE8u0ecYROxE,27099,134466217,69486
3jBMHD19RZdAqG9iFQh7xc,16146,128049485,52087
4AYtqFyFbX0Xkc2wtcygTr,54845,124619048,107540
5kiZGSxgqPdv6rbqL9THdd,70389,124618050,153021
1MaqkdFNIKPdpQGDzme5ss,29044,123998264,60509
2mvabkN1i2gLnGAPUVdwek,82591,123397678,192073
3xYJScVfxByb61dYHTwiby,303222,122596954,393795
4IQkfUsrwXol38VV3U7t7T,67843,121821232,104375
0eFQWVz0qIxDOvhLpZ40P7,131813,121273794,178127
4uoyvFGK43Of4v9tj0moxC,15172,120519749,41006
4h0EXpatqJImv4VRgvX6po,14573,117166382,40481
7qEUFOVcxRI19tbT68JcYK,99465,117104660,198931
4OmFmE0fzcMG6g0Y8p4eSD,77751,115942081,169025
4zmKGsrXjLmljb5fTaBTot,296295,113871635,400399
79uDOz0zuuWS7HWxzMmTa2,211211,113326265,480025
0Om9WAB5RS09L80DyOfTNa,71304,112630760,91416
1SmiQ65iSAbPto6gPFlBYm,74254,112562434,106078
2slqvGLwzZZYsT4K4Y1GBC,24359,109440744,56650
6Eu31gddWw0gOGO506pJYA,39283,109349248,59520
4t0OI7XrODjSkAu3bTPmWj,29763,109058876,39684
40PXEOFLJc7UIpLMrhSfW1,13060,107978483,29683
6wn61Fzx9XMxQmieLpoIhW,9802,105857654,24506
16MVSD0mGI4RMQT83Qzm69,39243,103660103,91264
6lzc0Al0zfZOIFsFvBS1ki,91726,103082461,117598
3oKMl2tJv4fdidkXUYMI5x,18342,103059282,39026
7G0gBu6nLdhFDPRLc0HdDG,134859,103015789,435030
35rdVq36LMHQX0Suw9a6tK,70849,101454461,124297
5vyxXfD5gLlyPxGZMEjtmd,28399,100485661,49824
3QF5RsWzK1lCvf2o2cY65P,92114,100299118,137485
6wAFvJPpTZVirBKGZ4EnMW,50241,99133446,125603
0v4z1tuZvn6LGknom9Qx7d,89912,98001989,140488
4CHpVfAhuxNJ3ibExe6kxO,51711,97583874,79556
28M2gifMU282QBM3fKajIS,14911,97471126,34677
73W5aXorr5vxrySFcoZqIN,38772,95409296,129243
6XDBA3QWX51lDJ0oZbaJJN,13303,94738461,32448
3S7HNKPakdwNEBFIVTL6dZ,64994,91351745,120361
4pNApnaUWAL2J4KO2eqokq,92306,89843978,128203
1msEuwSBneBKpVCZQcFTsU,61227,89522461,115523
0y6kdSRCVQhSsHSpWvTUm7,45347,89100825,137416
1kdWw77ZpYOkhxeuhzU1j6,98683,85734059,128160
2nqio0SfWg6gh2eCtfuMa5,56326,81475412,106276
05GsNucq8Bngd9fnd4fRa0,97217,81261652,121522
1wJL1A0QUHJPf2cm7tsrdw,21112,80930325,26725
0NwGC0v03ysCYINtg6ns58,102291,79355044,276464
73qMN9bXy7MSPwwGfH3wQr,84555,77518704,114264
5YL553x8sHderRBDlm3NM3,42929,76491150,107324
2r9CbjYgFhtAmcFv1cSquB,42739,76254775,97136
3oGVx9RBmiYGv5ZCecWLkx,38201,76148198,103246
3MytWN8L7shNYzGl4tAKRp,175052,74433806,269311
7eQj6r5PIdYKEIZjucBMcq,54738,74096263,91230
6IH2Z54gYPLqgJtxZjX80i,11803,73333619,15738
550erGcdD9n6PnwxrvYqZT,60709,72995044,87985
3r9bgSJlJz2zlevcBRYXko,10215,70476674,28377
7J4b3LVCIGO4CMBDFLPoP6,46374,70263733,92749
4hqJ4bSlYJOXb6Z4SRmzxs,122826,69106302,341185
1EQn3Uc5AyUXoiPLeyCrrg,9877,69003116,16463
4i6cwNY6oIUU2XZxPIw82Y,57697,67666356,125430
5xXqyjLicvEpch72qEryFT,123097,67186399,219817
1zU8j1x3yi9xalMF96pzKp,156084,67011567,243882
5P4wWhUYWM0IaVYLuZxdar,13637,66321417,23925
1Iq8oo9XkmmvCQiGOfORiz,3275890,66110778,4747667
49mWEy5MgtNujgT7xU3emT,10129,65914291,14680
7eResoqEJJAVTkQYSqvO3P,53418,65491378,74192
4L9QDCVNWIFhf2yr8iMvzA,5320,64681781,11824
4e5ayHsOLJNLTGfjau2mEw,28915,63966545,78149
4Ar3jciiuPXAMGjQpMWo34,4242,60531660,10102
30Y4CV7A6YqtQtTTo7Ue4j,98620,60493704,224138
6dTA6y0C2ReQklntzZl8l3,71136,60078048,222302
5gl2F1AWDQlUFzXwA4uY72,4158,59332454,10943
5eGX87IiKsGuzS3iw4CfCX,34438,58805034,44725
3fGnrtrtL1IHSX9t4DKOYf,19884,58624219,62139
6iiAfo4wTA2CVC3Uwx9uh8,46440,58270289,76132
1cSFlSBdpT4F5vb1frQ231,33247,58176022,63938
0NRHj8hDwwmSPaA41o379r,29640,58158999,76000
4s8BIKx4Zh6ryAEz8RTlaU,62751,57986489,196097
4uuEGH5SVuzkkSFjo2DEiY,30579,57703869,78409
7A2cNLRT0YJc1yjxHlKihs,47526,57668956,76655
4e3ZNTAV6PCrdYMUrUlMpQ,65076,56897603,175882
4axSuOg3BqsowKjRpj59RU,23243,56867158,68362
4ABYxlb92WBIjHu7TIKmml,73443,56216757,166917
5KD6AEm19QnMbfWpfoOHMl,1292000,55894629,3400000
5A4PQqcpYb0vD1zx5DlObS,4190,55693195,9745
0zo975x58DlXbZllWvfYhg,70592,55677445,160437
7HC7R2D8WjXVcUHJyEGjRs,33057,54729996,66115
6xlCHgsZanRIBaS3yokshA,4045,53814361,8794
1HCdems7PQZRj42QDWLA0A,147955,53205839,197274
5iZzl5YlcJaEZjFCcv9j2h,3632,52920891,8255
71BqAINEnezjQfxE4VuJfq,845831,51896185,2819437
47HtKpfzpAt8rQjjXWotFj,10041,51471609,13041
0fAbfDiuQiUwV7FUcFfRGY,6993,50257953,10928
5GPwN5iZ9ZMSXAkppj4Uvv,8408,50102830,11679
34V9RiEPe8MNdU32qJsJa1,19798,49175587,63867
4NioO5R9sHEZh4cGzMHyNt,1270196,48794087,2490581
0DMVrlMUn01M0IcpDbwgu7,32512,48459580,59114
7wjbSn8QHsxqKXU5M0jXGM,5315,48336869,10423
4tMzIAFTFdqGBQLdfbPces,128897,48273331,181546
0q6vsjvnCIWrtwRckCV7y0,76061,48176180,133442
59KOoHFcw5XfICnO57holu,104254,47480738,176703
4WXzzCof26KJLTK5kK53dS,3785,47088633,12617
0k0vFacOHNuArLWMiH60p7,32109,46998952,54423
4qUijfYU8EoIWiY6oSyrgT,46899,45606778,60128
0tQ9vBYpldCuikPsbgOVKA,32067,45063946,57263
2m3ObD945KvpE5y9A1eUWm,39053,44874053,61990
0HmCuN0Z3OX1Qrz43FLOPL,4980,44419471,10376
1hjRhYpWyqDpPahmSlUTlc,1109118,43920951,1980568
7vBlnGdfOLzVEqiOQQxeU8,5579,43674753,15080
5jAIouBES8LWMiriuNq170,40438,43484550,55395
2JoJrsEV15OzbijS47lids,33881,43378383,52940
0JIdBrXGSJXS72zjF9ss9u,23125,43047437,42047
3m4mW6nG5V94FkGBE1YvRG,3983,42714994,7113
6ON9UuIq49xXY9GPmHIYRp,28184,42452402,53178
01QdEx6kFr78ZejhQtWR5m,40100,42406459,50125
2D1BGzlocoxwNBBf2nMwMk,2590,42324794,7401
0vvt4IZOMkRug195S4MUq0,5455,41822785,12124
645Exr2lJIO45Guht3qyIa,36425,41543132,93398
5hiqtrACtMJkNpaNHj0n9Z,2656,41149454,7813
1n3b9Eekoy3S9ZSZ5DmTW1,24831,39499653,60565
2Sy2oGjP5RYB4cLVoDU0Gz,11110,38799155,23146
5qD1xj5lXOaX1ZDpVKZeF3,3573,38725689,6269
45wMBGri1PORPjM9PwFfrS,628173,37846602,1653089
2QrQCMel6v2JiLxqrg4p2O,29548,37809411,41618
3esA216TyLHEkNiBCeCmcg,4564,37780719,11704
2EFZ9emtKWEglWUQGEQ3P9,39572,37493634,116389
7N015NTIWGjQDddHUdHPoO,34257,37460334,47580
3ExweHKZF9B752DPQByRVT,20104,36671714,43705
6T0sEnqjmHISIKwFETeeiP,1050240,36512776,1721705
7nWui6jiMM2m9qFmET1Mtj,31606,35999469,46480
6Q237Ts37YGYRIi5Vy5lVX,52281,35918359,111237
7an1exwMnfYRcdVQm0yDev,14954,35903024,38344
2hmafYGj1CXYKIYcMnX4lj,28080,35105474,37946
045ZeOHPIzhxxsm8bq5kyE,491773,34845407,1446393
73OX8GdpOeGzKC6OvGSbsv,12333,34696816,37375
3yNJkriPzWjkkDAWHIAVUq,92054,34676685,118018
0UAdDYrkCvVQftaKpL6q5f,15822,34001101,46536
3oF7Or7T35yhQbGxbCGvRX,13406,33400855,34376
1n2wszmJyVkw6FHqyLnQsY,30197,33265032,39733
1Fj0T1XKuhRu7EZzJ7NJIK,19716,33166127,35849
1hR8BSuEqPCCZfv93zzzz9,899726,33105902,1303951
12nBPF4Rh4XLFJV0YLN7uj,30325,32071083,91894
5RaBeejGtdPEszYEKYECs2,13464,31455990,29271
5AsmAjBSSQjRPWgAYIp8tm,2136,31320232,4032
6INztpNwOTlfSKTuPo0HOP,70799,31109790,116065
2Ta5c5Z6DvM8GX0U1polSo,11521,30621064,30321
3rnI1UCyGJvUTVvT97VQr5,3713,30013127,8072
51A8eKvvZz9uydvIZ7xRSV,25356,29942275,35714
1P5QpwOgXJuoVTm3CWbnLY,5902,29941946,8554
5OOd01o2YS1QFwdpVLds3r,11852,29621102,29630
2ZoOmCSgj0ypVAmGd1ve4y,20786,29446623,28475
6GXgd1BPD9bUpqw5AntGV5,915959,28867037,1159442
4pJi1rVt9GNegU9kywjg4z,17641,28172165,25943
2vPMoMDXxu9uX1igWZmXSG,608543,28033159,1267798
6K0CJLVXqbGMeJSmJ4ENKK,17853,27745441,31881
3pv7Q5v2dpdefwdWIvE7yH,857637,27613703,1099535
4evLyY5Ue1Wesc61t2KXAU,45719,27214969,78827
2ByBBvpR9b7IynvRmnG7kG,362236,26433284,1131990
46HGgtwmmuEB8mvDCyjyAc,2011,26262259,5437
0gPmM1WtVRg3uENW3o8bfx,41975,26228223,59965
1yACRKAwlXWhXXFUSkvzhD,6000,25759743,7501
43y1WpBdnEy5TR9aZoSQL9,361308,25428879,1003635
2R7C9dDqv1UPycvepBFziA,4409,24693932,5653
64FzgoLZ3oXu2SriZblHic,668170,24635041,928014
2QA3IixpRcKyOdG7XDzRgv,20790,24555112,29701
5zytSTR2g0I9psX2Z12ex6,2592,24391704,6323
2d3d9xZutJjmUpntiyHt3F,19490,23621826,31951
2f0GI2ZLUtbGqFx8t2Gk6A,331141,23435124,946118
5G9AVKld9q7DCrmoY42raf,2103,23315142,3565
75W3SngKzTuoQ94uLf3y82,518672,23302833,894263
1Ygm9KdH3wbzDekO8JgxcW,3991,23131020,10503
2IprIjGNRlj3TfqUWCAo0C,23249,22787954,43054
62rlxI6g2PNaWsHoiRryto,4028,22672211,8952
2ve0kuaWUCt4Zx8x4bf1MR,465454,22632987,930908
6cf6rLb8qcklvJv90W6HCW,1079,22479106,3374
4UwqOWDpdeIDVQDuKT6iza,641160,21803713,915944
2IZ00ed83ygPIiacYScWUE,3915,21519261,6637
1spLfUJxtyVyiKKTegQ2r4,14985,21315503,24975
7ryS0xBZNYjQqql34GCkDp,15602,20194408,26445
2msvOEbkK50foYf9BMXr2X,11964,20149793,21754
5KxZfCXXmVvKhPo8hQz2pS,12573,19841336,29240
2oWpe2L8ypC080BxpDVuTY,16448,19721879,39162
7FKbTRXXIWVFQmPH8zGfU0,2741,19331155,8844
3EPgWM1zfTSzEc0z4AwWTM,10279,18546685,24474
05kJkr80XEaZeN8kxyQoFp,11163,18383436,37211
3tGq7hWDCtrnL83y5OGual,3844,18219274,10118
4mqgn90sCeVSYqcoftTQTd,1829,17147850,2652
5mdNyCS7ttVcAyVYOIFEjs,17489,17004143,25720
4MGexoZc12lqE0hYkq9YYx,14040,16976503,20348
7BT9K9BDqq6HI2oWH5UMZQ,1150,16238349,2255
16M9Rxid0nXhVmme7lzVwN,9228,16095488,20063
4pl5zcqCv4vc3cB7M4MZ6f,1935,15959232,4720
6qAcApH8obo8eqatCKUHd9,571622,15617306,793920
2evEoQAhIMaa9PfjTT5skG,3238,15514305,8754
1gaLZjPrDnHQWJds2Jg4KT,11580,15513625,23160
7Bjf96uNizpvXLvNyOJpst,3048,14678264,6352
0RFCHlNuTeUHIB36VuVbOL,11885,14481228,28298
0xvsgzM8AtBtRHZm5rav8A,2105,14219913,4387
08J4bMHbILkwSIhbtrcvjN,12580,13987538,19969
2yceD2hx5HhOLgkm1CITCi,15080,13178010,18850
14Bljc3pOOG0xQX3wqhLN9,2228,13152554,3980
2RM02ladxD5mgdrlAwh3h9,1503,13071853,2004
6C0H8ts9M6deezz0yYR6LK,12312,12825733,17101
77p4fRpoeiZMtUy3P9kN21,4695,12527441,6020
77d7q9TNbsIDmRTDPkPv3L,7400,12270086,16088
560uQyz3p5G9WdnMX39xc6,9713,11929900,19046
6mqyTq948oap5AkyTsd6XF,10598,11721141,17094
06FXaDDdg0BzXl15cthMS5,1847,11523971,2463
28tIMaewZuGR8urkvFhQyA,10649,10717820,15434
1IsquhJFJ0qcFZI7FeAEuN,3848,10668289,7855
0BSmbCIY36iw04azzJ3S0S,2579,10652836,7369
1u4HUiREUR6vX1W1RYG2Tm,12568,10618065,16113
4cOWq0cVsKjxaQpRMbDoH1,7108,10449367,14508
7wo2UNeQBowm28hfAJsEMz,5408,10421350,9834
6ClYMObS7f3Nn4AiZHYQt3,49992,10182545,166640
5KByGq0JijSSDcy0qzuINs,5357,9966447,14098
1mh5dObNoOvCfHmXnhvDEK,9042,9865805,15326
06zIBqLC9ZRm5i0iMf0kHI,8036,9526509,12756
6F67FNdOBNMFzxdj1CQ5pL,6778,9518506,16945
0QTBsdoJhamY3Aid3fOsOd,9162,9290097,13474
5VDHMi7own9vDZjiwDES1e,3635,9151861,9827
3RNDw7yywLNyawDKV99hTx,1545,9024210,2575
1hm4V38egkiHOgxTUpu0zg,2330,8788942,5684
2fgiBCtbWo8pijF6M7pN1i,5031,8718782,11436
4lD3RXyvHpJsM3BhIEC4aA,7555,8588429,10350
4YHHz3VIXgNDGdoL9xC1tx,8905,8305258,11566
1aBJNc2thaKyh5THWzIqHX,2025,8249383,4050
04xrhDrQ2WOW8GLwu7kbc0,6890,8244411,11881
12xIjI9A9UlB6zEc7kyZ06,3350,8192658,7445
71IScwIe7bcIlpnlkbKVQw,9011,7752212,19590
4yyKppX85ZkmlGOC2toBZA,6876,7716935,10915
6KF9xd2hBLuexrmBX4vUWD,1859,7513995,4225
3lm4L3pPL32PFy74dR17OR,1729,7040715,4674
5F7hpFKLmWgMHGxQuwssuv,7315,7025886,9500
6SYwJcqaltK2WFRmD1unUV,2167,6536101,4713
72GIZuUXo14oyrS0si3Rgc,1782,6402578,3496
7mFiEij8AXPUZB7aKLbUlQ,2426,6384087,3279
7yndkPYP6YQQLBpPsizDfh,2199,6361489,3283
0Nw8hv79MLJa1yjtsEgz08,1683,6191528,3117
68QyrSzpnoU04AAhE5z8lj,1369,6035137,3044
4DbI1rr4IQ2bc8nejy9ttd,2625,5958440,3548
36a08nLG1xazGaaVKK0vv7,4653,5954016,7271
4KB3zBArZ1rHRExilzycaV,3999,5893744,5332
6505MLhnqTDDg4tjoUz2Wp,3219,5855180,4127
5fOV54t6mMYv3H9CsnvU81,5184,5836870,7102
4JQm7ebhsrt10wmrP6AfXL,470,5826267,1569
4YrpqEBNuz7IMsZtUP6bNQ,6069,5641387,9950
5QkzyLUb4ggojNDp8G2OxX,1315,5598770,3987
5Ct2PYPUSogyWvbV40k9Bf,754,5491322,1093
3QFB14MOUf3imlyISNmrbT,1809,5485649,3174
6hH37tyeRdyan1mAppmVor,1495,5453536,3324
6znB7YZhMJT2B83zfbiyLq,1725,5299660,3521
7r7j12XctfJqZWXsy1Zq9L,9323,5171833,16951
1g09DZjQ7yBommCT6POY2n,7650,5153252,12143
31JVjy3XWnh6C2zf4kLCXN,7343,4931839,10059
0yisH8r0f3Mkq34kjzUlCV,749,4714762,1315
0pjBqAz8GlxGlpaU4W0DxS,42039,4584463,73754
4TtyvyI42C0KFnbDZvNC8Y,926,4440869,1219
7GZ3KDorsc1yWndEtzGTjf,4000,4399915,9303
7JKwboSAWRHJI5U1XGTqS3,2700,4194167,5000
1cJkUN5LAotktryx2nPCr7,7340,4080964,9533
5lA0yK8S5tP3xoaRMCp4Ug,345,3866914,1115
5zOKuItOTZhRCGtPrDYmlj,1050,3046108,1982
4XiypEn8iKbeP1TbTqdfk5,1487,2423511,4959
7kjSmkSo15pHlkb0mOQtfj,3429,2258808,5532
4RBKAqJ3qyvvriDG0s9IJ3,1102,1921654,1670
4VbErhGDMTnvPAnt5z70DL,655,1904513,1008
0ThxqUZ9PwS6n0UT5i1XH6,2499,1567341,4031
2ziekbazMdLS2Gtdo78RID,1460,1500356,2705
4aBW31cmkA7BLColUsMEeZ,1055,1419593,2295
4i0M7glXqIIRKPwbLtpExi,70,1309707,130
5g7RMU3cV7zXWH244BLe7G,455,973111,1469
5a9hUL6ZuiagZhazwrtwHF,368,638009,801
4DjevQhsPWULcondN4mRh5,355,635353,740
7EvU9pRoJ9Xs7anx0P7tEc,558,609171,698
4MbHDiHQjhmoVAV75G04Ql,498,587434,874
6N6V2v89hS4N9ossON5f9R,200,565217,282
5JtXBqKLdfzwedmlUjjqAm,329,522304,439
4twNUyTpLMPWokYmCdFDCH,196,484803,385
1Qicm51crXMvUuH4SMjobT,264,484059,630
7Ae2hYOcJmLbGCYIA3M1VM,90,458494,201
1zz0XSmHCFd57ne04UAp38,412,456245,550
69o9kr9UexjzeZDE8yD8dQ,293,449935,587
1yVVoBDzSkFkZRWtq9x3u1,151,438758,229
5Iadj8IBPrt634WW0yGPRI,80,426728,178
4omftH10jc82Sj8VJ395C7,151,372916,445
2hecdut2HWM5JMHqLTWThq,108,352203,151
7bdyzcQ0onk60hfsxDCd2X,105,342905,155
0kfTOGpi5eZCBxcRF5LFIh,87,340178,231
2vTjAIZbfW7W8NGBOZ5rK5,165,336264,220
2rLYkfJSgTPtOTLjYEdozL,122,335780,207
3cAHqw3B2deaHRXV9WrYAA,99,334431,174
7HbZuazpPbDDMkb8Tmvxq0,101,328415,216
4sFwzqXqNcNV3cTyTybq0M,105,325838,202
1wePVBS4L6xhCvVUItPAZQ,182,318323,231
3lD0QBGaxvoc9WBDnGHFUi,65,314915,210
1BXM0X5BxyUUOLEf9Rv6uZ,46,309950,137
1VPHQriwOsy5aGHLwwZyho,68,307288,129
2GZNZLMvT3gjCEPd6NNvvQ,128,306263,195
64FIHbthA4RhBv6fL6DGBO,88,302000,132
1VW4AEDihVs3BQB6KnTYIY,136,301549,220
4WrJR6LJ8MtIxouKHUkTEM,111,297367,159
2BDqAaVKzQDnoVPZbdp68D,189,294969,253
4CyL8bBbVRYB0ogadF4aUS,87,292579,109
4cag67C3v9ToeFivUwDUsE,57,289886,118
7D4bd801muwRfuo5F3KkGk,85,275173,156
3ZHTwJzCNDFvjLpVQiqpH6,67,273590,138
7F67ujlSkp8PT7uaDPuOjP,75,271020,133
5ckUacHVEsmgJI7akKHadD,70,269075,115
22Zg9JjEgM0JV5HvLXNJAh,77,266961,194
1SARZTSJ1YeXgImYzpSxef,839,266353,1713
3ZfvKQxJp4zZshiJsRPoD1,88,265828,124
2ag2oLCwlFIA88hQrLMHzv,128,256670,201
13tYZVTtzLUJTlM7m1ivbi,45,256606,94
4fiLVxZ0UAsWAzUwGqkZA9,78,256104,137
4YugJd2i96PHwaflBauhXi,91,254824,137
0HTZpLa2SjBmuJ6zJ7OqMm,146,254593,203
5EsfyTD26nlVQ0DtYo16uJ,44,253916,89
3rMskQgCc54bAQUfE0U4Fw,157,253048,199
3JayaISg308IVZhUY0XUXe,114,252857,176
5Gz9GFSwHObbmjSRHgTphe,30,251314,55
633FwmKmrHWn6sLTL3db72,102,251239,213
4EwrLjUsIF0PINB6sLZj3l,39,245924,64
1J22bFnVC6Rmjxby941PDf,73,243035,203
02DtaJ6ADr4uQJbKEdpxxj,46,242694,138
1Z79tpetXTqujnp0UYOV7V,80,242672,116
6bzWVosI1yQkHUrN22cMWE,83,242298,146
0C5x4DoaPegrWqchk4SuLu,67,238704,119
0MtU9ETYyVX8YPBDCYPdMb,54,237118,159
2GZI4YxTKT07KaQZAMmz5N,41,236881,108
3Aelp7PlkDvBvCPqvyIopZ,79,236775,129
4CWLOxjskk6fjixCboD4vJ,78,235174,116
2k0w1FGqvzVPgQ9VdTaJpe,32,235139,94
7C7usPxKM74lA8HJbCqZnz,68,233980,123
1V7nao9bFNvjFrmrnSz19Y,91,232260,148
2juzwShPy28xL3umOogU3u,66,232154,130
0ruvufCIGCWaf67Tb8R64O,182,230424,246
0Xtgj2RuEo5FInZ0b4KYuY,33,230196,108
3To1MBLD7WqFoWEeiLDBzq,81,226158,104
7lzMAvyDZyZm1hPMLpfIXy,58,223222,121
4vWXPp6Tuf6ury2dCh0uAI,34,215355,69
57USOybNwyjN8ZUZLm9hra,83,215080,115
2eZbyz03ZHkqpZz2Vw3KXy,91,214790,119
5oJUjUsBZcqyEhOdpif37h,37,212089,77
2MzoTHyQgopGUL8ABcOAyr,65,211022,124
1NTxT72xu3GkYq5wIq0RG5,44,210602,120
6xxSYpv0gGX7V7Bikx1gGy,100,210558,127
0w5HrA1s3WZIqAUYicJo0A,85,209047,132
7AiIXVMIrTqHlGn7bS3f31,32,204362,95
7J4cg1IeDWDY4oE19CaIra,16,192100,49
1AjXK5Gi1kkMRYGBjALDMr,46,184715,76
7juXSUrMEd7f9ljLk7Pria,23,181618,68
2p2iPBELfsen9imWH0NkId,5,173337,16
5fWNEKU1JTe07KsrJ7stft,38,172240,80
3g7PbLRaKm2MmfHNyMbjJn,22,169994,61
4Dzma7nri1H2XNQ7b8Fs5b,28,169651,71
0uBYyYTfuuDigZvBN6HnUt,28,169384,59
6t9JL24FVFzXtpLlp6x5tZ,42,166557,54
4511PLndxxMcob8Qq5KHNw,36,165967,122
6trbb1ao6xqh6FjKc0BRYF,76,164742,117
0VsL7c4EBrLgaNfHQep2oy,52,164635,116
4A7shC8pd0ddDSqrvETTsu,23,159607,66
248qgqZNy5T5KsGHgTxeIM,28,158448,95
3t5kblMAefsRy9O9vOjkR4,12,155626,17
3MqHevAhUErYJoC1ceESEe,44,155205,93
